Sentence,Emotion
dume lũ mất dạy . bố mẹ cho mày ăn học để dơ ngón tay thối cho người anh em thái lan thế hả ? thắng cũng đâu cần phải làm thế ?,Anger
... bố nhà mày ... t nông thôn còn không biết nấu đòi thành phố ...,Anger
"điều tra nguyên nhân cái cái gì . vì hám lời nên coi thường cong nhân , răn đe chỉ béo tiền đút lót",Anger
tổ cha thằng viết kịch bản . mồi dâng đến miệng mà không cho ăn . bếp trưởng said,Anger
ghét vãi nồi,Anger
chắc tao lại vác dao đâm chết cdm bọn hãm này :)))),Anger
lũ này cho nghỉ việc thay người khác còn bao nhiêu người đi xin việc kìa xử phạt thì trẻ cũng đã ăn rồi lũ mất nhân tính,Anger
điên mẹ rồi,Anger
trên quê tôi . trc nói trong vòng 6 đến 7 năm sẽ cho hưởng cổ tức . vậy mà đến giờ đã hơn 10 năm vẫn chưa được hưởng 1 xu nào . cao su trồng thì chết lên chết xuống . giờ cũng chưa thấy cạo mủ . mất bao nhiêu đất rừng của dân . hôm nào mời vtv24 làm 1 chuyến lên quê tôi . sẽ biết thế nào ?,Anger
per tao bị con mặt nồi này dí 2 lần táp vào chân bầm tím chạy muốn súc quần .. đang đi không làm gì nó nó cũng dí .. mẹ bà kkk,Anger
ngon xuống đây nói chuyện tử tế với bố như 2 con chó xem,Anger
tử hình loại này đi,Anger
dume sao mày đánh tao,Anger
per đừng có mà thân thiết với tôi,Anger
mẹ nó cái trang nhổn làm . bố mới thay kính cường lực hôm qua mà bể rồi . mẹ chúng mày,Anger
anh tao làm trò đùa cho chúng mày à :'(,Anger
tao cũng co con gái nhưng nó không như loại mày đẻ ra chỉ đau lol phí cả công nuôi nuôi con chó còn hơn nuôi loại con như mày,Anger
"thế đường không cấm đỗ , bạn lấy quyền gì không cho người ta đỗ vậy",Anger
chơi thế không hay nha page dume :)),Anger
con bé bị tát trong hình là em gái mình thì không biết mình sẽ làm gì bọn này nữa 🙂,Anger
địt cụ hỏi nhiều vãi,Anger
dume thằng quay phim khốn nạn . biết mà đéo bảo người ta đánh xe ra,Anger
"đm bào tao tao cầm nón nhảy vào phang vỡ con mẹ nó alo chứ ở đấy đòi đo lồn , tao lại xé con mẹ nó háng ra !",Anger
ủa xây cầu ngắt khúc để troll nhau à,Anger
tao mà là con đi xe cũ . tao vả thẳng mặt bà mặt lờ kia . méo cần biết đứa nào sai hay đúng . vả vỡ mồm rồi gọi con bà ra đây hốt xác . 🤟,Anger
đời ghét nhất thể loại ăn chặn quỵt tiền người khác . nếu không hài lòng cách dạy thì trả tiền cho đủ rồi thôi . thời gian họ bỏ ra thiệt sự quá phí,Anger
ý thức như lol . 😂😂,Anger
"hỏi thì hỏi cho khôn , hỏi mà như vả thẳng vào mặt người ta :))",Anger
đồ má một lũ óc chó này .. cả nước họ quá bức súc tụi may lũ chúng may phải đưa ra tử hình hết lượt sống trật đất xã hội,Anger
tao là tao tát vỡ mõm ngay,Anger
bướng tao đập chết cụ mày,Anger
"không có người làm thì cần đéo gì phải dọn , dume thấy thằng nào dải đập chết cụ nó đi",Anger
xem đến cuối video mà vẫn đéo biết con nhỏ đó muốn gì . dài dòng vãi,Anger
láo vãi,Anger
đụ má nó quá đáng,Anger
có người yêu thì lo giữ đi mấy má khoe khoe cái buồi dume xem mà thấy tức vãi :''>,Anger
cũng chỉ vì việt nam nuôi một lũ kỹ sư . tiến sĩ phá hoại mới làm thiệt hại kinh tế nhiều vô kể chúng nó sài toàn bằng tại trức thì biết con mẹ gì mà đưa cây cao su ra bắc trồng khác gì đưa cây dừa ở trong nam ra bắc trồng . một lũ bò,Anger
truyện đặng như kim nèk ... tụi bây còn ăn hiếp anh nữa là hối hận không kịp nhé,Anger
nghe cái giọng thằng quay phim ăn nói đoạn cuối thực sự muốn làm 1 đấm nhẹ nhẹ vô cái mỏ nó . chả vui vẻ gì .,Anger
"ăn hại zồi bắt em gái nó dọn , quá đáng lắm rồi đó",Anger
"gặp tao , tao sút cho vô mỏ",Anger
riêng đéo gì tối nay mà khóc với lóc,Anger
ngay thơ vô số tội đã từng bị tụi bạn chơi khăm kiểu này,Anger
nó nói không đúg ư . đg của nhà bà ư . nó đóg phí đg bộ còn nhà bà thì đóg thuế đất thôi . đất nhà bà sử dụg được cả mặt đg cơ . sao không mag ban ghế ra đấy mà kê,Anger
dume . lưu manh từ nhỏ . khốn nạn,Anger
gặp em tao mà bị đánh như thế thì mấy đứa đánh có mà chuyển trường trốn luôn hoặc quỳ lạy van xin tha :),Anger
có con cục gạch kia xong chả biết từ đâu đâu lôi ra con ai phôn chơi :))) vô lí vãi :)) hư cấu 🙃,Anger
"cảm giác này vừa bực mình , vừa bất lực , là cái vất vả của nông thôn như tao , chứ đéo thấy buồn cười đâu",Anger
đề thi rồi cũng lỗi được !!! bực mình,Anger
cứ tưởng tao đùa à . hmm,Disgust
"ủa nó đá ông da đen mà ... sao tôi kia chửi nó "" da đen "" này nọ .... ?????",Disgust
nuôi kiểu gì mà để bé vậy đây :((((,Disgust
mấy thằng ngu mang danh cổ động viên cuồng nhiệt . ban tổ chức bắt tại trận được thằng nào thì bắt nó share ra =)),Disgust
"tao tưởng con ê ́ ch . -.- nhìn lại thấy con quỷ này , hết đáng yêu rồi",Disgust
và sau đó nó bảo đùa đấy và loan tin mày tỏ tình nó cho tất cả mng biết 🙂,Disgust
"nội bộ lục đục , được nước thả câu lại nhường cho 30 % cổ phần cho trung quốc . thế là thương hiệu việt nhưng công nghệ tq 😒😒",Disgust
thanh niên hack mẹ nó từ đầu game . đánh đấm con cặc . tội cho mấy rank con cày level,Disgust
nhìn ngon ngẻ v thôi chứ toàn gay qá :((,Disgust
giả dối,Disgust
lại phốt xứ thanh . mệt nhỉ,Disgust
"ngày xưa thầy dạy toán tao còn đấm thụi thụi thằng ngỗ ngược trong lớp đấy thôi , cả lớp cười ầm . giờ mạng xã hội phát triển , quan trọng hoá vấn đề , cái nhỏ đưa lên mạng là thành cái to",Disgust
chẳng là cái gì cả,Disgust
thằng ngu muội 😏😏😏,Disgust
quá xàm,Disgust
mày có gặm được củ cà rốt đéo đâu mà chảnh choẹ với tao !,Disgust
khi bạn lôi hết cảm xúc ra viết thì lũ bạn thân lại coi là nhảm lol 😑😑 dume,Disgust
agribank thái độ nhân viên ở cấp huyện kém lắm,Disgust
nhìn thấy nó cười trông giống thần kinh vãi lồn 😗,Disgust
ghét nhất thể loại này,Disgust
"lũ khốn nạn , giết người không dao",Disgust
"nhiều người việt nam ngộ lắm bỏ ra có 5k mà đã muốn làm mẹ thiên hạ rồi , chứ nói gì 100k",Disgust
xuống thì xuống đựợc nhưng mà bọn nó bảo là xã hội đen nó theo dõi nó giết thì là xạo lờ . bọn nó dựng chuyện câu thích đấy,Disgust
người đàn ông quái vật,Disgust
"có gạt tàn , gạt tàn thuốc dô gạt tàn xong xuôi còn đầu lọc vứt xuống chân .... đéo hiểu",Disgust
khôn vặt như này ai chơi lại,Disgust
per nhai mãi mệt không mày,Disgust
"mẹ , suốt ngày xem ba cái ngôn tình này rồi n mơ mộng . 25 rồi nha . nha nha nha",Disgust
sau này làm phò hết thôi . haizz,Disgust
trừ điểm per,Disgust
tiền của mình mà bạn . đừng để người ta lấy,Disgust
trẻ ăn cơm mốc thì thầy cô mới có phơ ăn .,Disgust
nhìn kinh dị quá 😂,Disgust
"dume , cái hồi học lớp 8 , chương cuối của quyển sách cô bảo tự học",Disgust
này thì chu cái bản mỏ ra,Disgust
đồ con heo ma,Disgust
đeo hiểu sao muôn lây chồng tây để sem chúng nó nhậu nhẹt nói chuyện có khác mấy thằng việt nam hãm lồn không,Disgust
chưa gì đã mất dạy,Disgust
"đây là chỗ mấy đứa bây khoe khoang yêu đương đấy à , biết gió mùa về rồi không ??",Disgust
anh em có thấy cắt video không . thấy xl quá,Disgust
đag đói mà đợi ôg này làm cho ăn chắc nghỉ mẹ nó luôn .:3,Disgust
nhìn ghét quá ????,Disgust
ông anh đỗ xe cũng vô duyên mà chị chủ thớt bán hàng online cũng chẳng kém duyên,Disgust
"tao ghét mấy thằng có tiền , nhìn ngứa mắt . tính kiểu gì cũng có chỗ không ra gì . có tiền là bố thiên hạ hả .",Disgust
nhiều khi làm ks gặp khách hai lúa mệt vê ca lờ . ks không cho mang đồ sống đồ hải sản lên phòng . tụi nó giấu trong balo mang lên tới khi lên dọn nhìn cái phòng muốn mửa,Disgust
qua đoạn vd ngắn này ta sẽ nhận ra rằng cgai nghĩ mình làm cái gì cũng đúng . cái gì cũng biết nhưng thực ra đéo biết cái con cặc gì,Disgust
xấu vãi đái còn bày đặt,Disgust
áo sơ mi trắng mặc cả ngày thì nó cũng dơ và hôi vãi ýk =)),Disgust
nha ̀ nươ ́ c pha ̉ i bo ̉ tu ̀ mâ ́ y thă ̀ người la ̀ mày oan sai cho ngươ ̀ i dân thi ̀ chu ́ người no ́ mơ ́ i sơ ̣,Disgust
"66 năm trời chỉ để ghi danh kỷ lục dzớ dzẩn , nhìn gớm chết với bất tiện vãi chớ sướng ít chi chịu đựng mấy chục năm trời",Disgust
fa đéo thích video này 😏,Disgust
bắt được đứa nào rải đinh cho nó đi tù . coi thường tính mạng người khác,Disgust
"cái đoạn bôi son nhìn vớ vẫn , nghĩ sao dùng xong mà nó còn nguyên . vớ vẫn",Disgust
ghét 2 đứa này quá đi,Disgust
thằng ăn ốc đéo phải trả tiền thằng đổ vỏ lại phải trả tiền …,Disgust
thằng học sinh làm khổ bome mày rồi,Disgust
và đéo tin được đứa nào,Disgust
ôi đất nước tôi ... hở ra là bàn thờ bát nhang 😳😳😳,Disgust
"con người hay con vật nó còn biết suy nghĩ , đây là loại gì",Disgust
lại khiển trách kiểm điểm rút kinh nghiệm nữa ah,Disgust
nhìn ảnh này tao lại thấy buồn nôn,Disgust
nhiều người ý thức kém quá,Disgust
hỏng cả 1 thế hệ,Disgust
lêu lêu con đĩ chó !!! giờ thì mày biết ai là con đẻ ai là con nuôi rồi đấy :>,Disgust
hic không phải tiền của mình nên có vẻ nhiều người xem nhẹ quá nhỉ . 580k to mà công sức các thứ các thứ của chủ thớt chứ có đi xin đâu ? :)),Disgust
"chắc lại thấy tự hào , tưởng thế mà hay",Disgust
ko còn tính người nữa rồi,Disgust
"súc vật , đề nghị xứ án treo cho bác per à mà treo cổ nhé :)",Disgust
"cũng có khi chơi với con gái ít vì nó quá xấu tính đéo con nào thèm chơi với nó , chỉ có thể chơi được với bọn con trai",Disgust
"cái ly hương nó cũng cướp , hết biết nói gì luôn . 😑",Disgust
vô tâm vãi . thôi độc thân vui tính đi .,Disgust
cần gì làm quá như thế :v,Disgust
tao ở chợ viềng 2 nam trực đây . đông vãi chưởng . chen nhau suýt chết bẹp,Disgust
tát thẳng đi ... tởm,Disgust
hành văn khó hiểu vãi 🤔,Disgust
nó bất ổn của đủ hay sao mà nhập thêm lũ chống đối vào nữa :3,Disgust
k phải tôi lùn mà . mấy người kia bị bệnh thừa xương ;(),Disgust
nó xóa tang chứng rồi kiện lên trên cũng vậy thôi để luật nhân quả con cháu nó chịu,Disgust
nói chi nhiều . mở cái king ' s coffee mà giống đến 90 % trung nguyên thì hiểu rồi .,Disgust
tôi cũng đến chịu mấy thanh niên có cái suy nghĩ muốn làm con mèo .,Disgust
"muốn tiếp thu giáo dục phương tây thì tiếp thu cho trọn , đừng nhặt vụn vặt làm sai lệch một thế hệ tương lai .",Disgust
"phải hỏi đứa nhỏ xem có phải ba nó không đã , nếu nó chưa biết nói thì nhìn ánh mắt nó thì biết thôi . mấy người tay và miệng nhanh hơn não này đúng là gây họa cho co người ta",Disgust
ngu rốt là phải trả giá bằg tiền mặt . tàu nó chạy trên thanh day sắt chứ đánh lái cái gì,Disgust
nghe có vẻ vô lý nhỉ,Disgust
nhảm vãi lồn,Disgust
"a trai mình từng làm trung nguyên 3 năm thôi . cũng gặp qua bà thảo với ông vũ rồi , bà thảo đúng chất con buôn , tham lam lắm , chả có tâm chút nào 👌",Disgust
"bảng thống kê so sánh ngành nghề , vị trí lẫn lộn , vô giá trị .",Disgust
"sờ thử lên đầu xem có sừng chưa , khéo nhắn cho thằng khác nhưng lỡ gửi cho mày đấy =)))",Disgust
per per per tao chả tháy bài này hay cái gì cả . nhạt nhẽo ..,Disgust
nhạc ghét không hay mấy admin ạ,Disgust
cấp 3 là 1 thanh xuân ám ảnh =)),Disgust
😞 2019 rồi xã hội phát triển kiểu gì vẫn còn lũ dòi bọ này nhì,Disgust
"nhiều quán karaoke không nhận khách sinh nhật vì rất mất vệ sinh .. ăn bánh kem trét vào mặt nhau , vào tường , vào ghế .. phải nói là vô học , mất vệ sinh .",Disgust
phạt cho qua mắt dân đen thôi mà ?,Disgust
cái quan trọng là ý nghĩ chứ đâu phải nó ngu . =))),Disgust
"ôi con cô giáo chủ nhiệm , thằng bố con mẹ bất hợp tác , những thành phần ngu lol",Disgust
"hay ho gì . 81 tỉ xây được bao nhiêu nhà cho hộ nghèo , trẻ em lang thang cơ nhỡ , trong khi đó dành 81 tỉ để bỏ nhau",Disgust
neymar mà lại phải hiếp dâm 1 cô gái à ???,Disgust
người việt mình tự hại nhau thôi . đừng đổi thừa cho trung quốc .,Disgust
chuyện nhà người ta mà cứ thích bới cả lên 😅😅😅,Disgust
ngu mới lắp . tiền gửi ngân hàng được nửa tiền điện cái hoàn vốn . sau này nó hấp thụ kém mặt trời . lại thay .,Disgust
bởi thế việt nam đéo bao giờ khá nổi về mặt ý thức được =)) nhờ mấy đĩ này chứ đâu :v,Disgust
đã mất xe còn bị bọn đường sắt nó phạt cho . khổ lắm ngu hết phần thiên hạ,Disgust
hóng mãi cuối cùng bị cho leo cây 😒,Disgust
per hình như bài mày ngh hôm nay . như cứt mai đừng mở nữa,Disgust
s không để tới lúc chết rồi thêm kỷ lục xác chết có móng tay dài nhất :v,Disgust
mấy thằng hải phòng ngáo chó gây ra đây mà,Disgust
cô giáo cũng ngu vãi !,Disgust
"ho ̣ c ha ̀ nh tra ̉ thâ ̀ y cô hê ́ tao , ba ̀ đo ́ thi ̀ con cặc trư ́ người nư ̃ anh đâu ma ̀ thai vơ ́ i sư ̀ người",Disgust
xém lại lên báo vụ bác sĩ bị người nhà bệnh nhân hành hung cho đến chết 😌😌😌😌😌,Disgust
cơm tấm ở ngoài cũng như này . 😡,Disgust
ngu vãi,Disgust
mày là bạn tội đồ,Disgust
"per má cái con ất ơ này , tao thù nó vãi , hồi nhỏ bị nó rượt chạy muốn sứt dép , nó dai còn hơn chó nữa .",Disgust
dm thể loại xàm lồn,Disgust
loại không biết trân trọng những gì mik nhận được thì mãi mãi chỉ là những kẻ nghèo hèn bẩn thỉu 😒,Disgust
bạn không có quyền đuổi người ta . khó chịu thì gọi ca giao thông thôi . bạn đuổi họ bạn sai lè lè,Disgust
động đực à mấy thằng kia ? :(( thương lũ chó nhà tao mấy tuổi rồi vẫn không biết động đực hay đi tìm gái cơ !! =]],Disgust
làm ăn nhố nhăng,Disgust
nói chuyện như vậy bảo sao đất nước không phát triển,Disgust
ác độc thế,Disgust
dơ dáy,Disgust
lớn rồi nên biết trân trọng đừng suốt ngày phàn nàn,Disgust
phản dame gắt vãi,Disgust
mấy bạn nữ kêu cái mẹ gì vậy,Disgust
thực sự là một trò cười,Disgust
tao không được ăn thì mày cung đừng hòng,Disgust
tôi cũng đi dạy . phụ huynh còn thiếu 250k kêu chuyển thẻ . không biết mai mốt chị còn nhớ mà chuyển cho mình nữa không đây,Disgust
vẫn là cái thói đối tốt với người ngoài và làm đau người thân quanh mình !,Disgust
chơi cái trò gì mất dạy dậy ... chơi mình đi má ai rãnh đâu mà chơi ....,Disgust
bất nhân,Disgust
như đùa ở vn mà như trên sao hoả vậy,Disgust
ngu thiệt trời,Disgust
tao biết tao mà đi gia sư thì con nhà người ta sứt đầu mẻ trán nên cũng không ham hố dạy với chả dỗ gì :))),Disgust
có loại này tồn tại ở đây à,Disgust
chuẩn bài =)))),Enjoyment
bây giờ mình 56 tuổi vẫn dùng để bắn bọn chuột neo dình sơi chim cảnh rất hiệu quả các bạn ơi,Enjoyment
ui sồi ôi đốn tim vãiiiiiiii,Enjoyment
nghe hay,Enjoyment
năm nay thì đở hơn rồi kkkk,Enjoyment
chào tháng 10 !! tháng sanh thần của tôi .. hi vọng mọi chuyện tốt đẹp,Enjoyment
cái nay nhận ra lâu roài . mà đi làm toàn gặp đồng nghiệp đáng yêu hi,Enjoyment
per nhớ cái này không bây kk,Enjoyment
già còn thích phi công =)),Enjoyment
khi nào đón bé về nhà nhớ chụp đăng lên cho bọn tao coi dung nhan thằng bé nha :vv,Enjoyment
cái dây ở ảnh đầu xinh vãi vậy,Enjoyment
cũng đỡ tắc hơn 1 tí,Enjoyment
"thank you giỏi quá vì nước quên thân , vì dân phục vụ ...",Enjoyment
từ diễn viên đến ekip đỉnh vãi coi không sót giây nào,Enjoyment
ngưỡng mộ mấy cậu vẽ đẹp quá,Enjoyment
t phải tìm bạn trai là nhiếp ảnh gia mới được 😆,Enjoyment
gắn bó thời sinh viên á !,Enjoyment
dễ thương quá trời hà ..😂,Enjoyment
yêu nghề chuẩn mẹ rồi,Enjoyment
hàng xóm cũ của tao cũng thế may mà bà ý chuyển nhà rồi 😃,Enjoyment
anh đã mơ về một ngôi nhà và những đứa trẻ 🤦🏻‍♂️,Enjoyment
không liên quan nhưng sao mị thấy mông boss cong quá đi aaaa ~,Enjoyment
lương cũng sắp về rồi 😉,Enjoyment
cưng ghê,Enjoyment
boss mắc bệnh nghiện vợ 🤣🤣😭,Enjoyment
"chị ấy cười với tao kìa chúng mày , hạnh phúc ghê 😊",Enjoyment
nam nhân nhà người ta kbh làm tôi thất vọng,Enjoyment
con dang yêuc qua ha,Enjoyment
sao có thể từ chối lời tỏ tình dễ thương thế này ❤️❤️,Enjoyment
nhìn bà cười thấy hạnh phúc quá ❤️❤️,Enjoyment
"tao khuyên mày , bật lên mr . siro lên mà nghe , đời sẽ vui vẻ hơn =))",Enjoyment
đó là những nơi khác . chứ chỗ làm của em . anh chị đáng yêu v đáng quý . em học tập được rất nhìu kinh nghiệm .,Enjoyment
con mong cụ cuộc sống sẽ tốt hơn 😔,Enjoyment
haha giờ thấy thằng nào là cho ăn cây baton,Enjoyment
"đúng vậy , có họ ở bên cạnh nuôi nấng ta từng ngày đã là quý lắm rồi",Enjoyment
"vì luật áp dụng đối với vụ án phân chia tài sản trên 4 tỷ thì mức án phí là 0 , 01 %. suy ra vụ này trên 8 nghìn tỷ thì mức án phí là 81 tỷ là đúng rồi .",Enjoyment
ồ ! rất nhớ !,Enjoyment
sống với nhau đến cuối đời người ta cũng chỉ mong có vậy .,Enjoyment
cảm giác vừa uống cà phê vừa hát mỗi ngày bình an lắm,Enjoyment
tau đã được bà nội vá quần 🙂🙂🙂,Enjoyment
chỉ cần follow anh trum trên twirter là chuyện quan trọng gì của mẽo trên thế giới cũng biết hết ;)),Enjoyment
bố mẹ teen vãi =]]],Enjoyment
per có ai còn nhớ thời đầu băng xem đi xem lại xuốt ngày không kakak,Enjoyment
dễ thương vãiiiiiiiii,Enjoyment
"cũng như đàn ông gục ngã trước cô gái nhiều sắc ! đặc biệt là 50 "" sắc "" thái 😂😂",Enjoyment
"vợ mình cũng thế , mấy lần đắp mặt nạ dọa chồng :v được cái mình chơi game kinh dị nhiều nên đếch sợ =))",Enjoyment
có đứa con gái như vậy kêu làm việc nhà hằng ngày tôi cũng làm nữa 😘,Enjoyment
chuyện thì buồn nhưng nhìn cách kể của bé này thì nhịn cười không được 😂😂😂,Enjoyment
per nhớ nhà mi có hè 😅,Enjoyment
per sắm 1 cái cho công túa ngồi nhà kêu gu gu hí =))))))))))),Enjoyment
sao lại cưng đến thế này ^^,Enjoyment
a đến sớm hơn nhé 😆,Enjoyment
đã trải qua và thấy chuẩn cơm má nấu,Enjoyment
crush hôm nay đeo khẩu trag không thấy nó cười mà nhìn mắt dể thương vãi ra 😂,Enjoyment
per ê chó coi đi nghe nói hay lắm á,Enjoyment
t cười ỉa ...🤣🤣,Enjoyment
"sống trong một gia đình nhiều áp lực và lúc nào cũng chửi bới như vậy , tạo hóa đã ban tặng cho em bộ nhá khá là tươi để cân bằng cuộc sống",Enjoyment
ai như tao nghe tự nhiên thấy ấm lòng vãi không,Enjoyment
bư ̃ anh trước mới nghi ̉ xong tao đi đa ̀ nă ̃ người chơi 3 nga ̀ y xong vê ̀ kho ̉ em re =))),Enjoyment
yêu em mọa mọa 😘😘,Enjoyment
hai ông bà thật hạnh phúc,Enjoyment
chủ tịch giả vờ luyện vỏ và cái kết sấp mặt luôn haha,Enjoyment
"kéo bấc mòn cả tay , ma nghĩ lai thấy nhớ thời đó nhỉ 😂😂😂",Enjoyment
rất cá tính :v,Enjoyment
"vừa lắm ... cho chừa nè , ahihi đồ ngốc 😊😊😊",Enjoyment
nên gan ngỗng ăn ngon đó,Enjoyment
ngôn lù thế hahaaa :))) đáng yêuc vãi,Enjoyment
per bếp thần thánh thời sanh viên 😂😂😂,Enjoyment
crush tao vẫn còn trinh nhé 😘,Enjoyment
"nhớ lúc trước có thằng bạn học rất giỏi và đẹp trai , lớp phó kỷ luật lạnh lùng và tàn ác không thương sót ai , ghi hết vào sổ . chỉ riêng mình là có thể giật tập nó để chép bài và đánh nó không thương tiếc mà nó vẫn im lặng , không bao giờ bị nó ghi tên vào sổ . kiểm tra quay phao nó giục bỏ và canh cô đưa bài cho chép",Enjoyment
"haha ,,, sao không kêu tao ..",Enjoyment
per nên mày hãy yên tâm về mấy con nhện nhé :))),Enjoyment
ưới gì honey của mình sau này cũng thế,Enjoyment
"còn tao nhé , hơi bị ngon",Enjoyment
nhớ hồi mình làm đồng nghiệp ghê :))),Enjoyment
tam đảo trời đẹp các mem à,Enjoyment
"lại là lào cai , tự hào quê mình quá :))",Enjoyment
hahaa nhìn mắc cười vãi per,Enjoyment
"đầu mùa mà trên nhà tôi vải có 15k / 1kg , ăn tã từ đầu mùa 😊",Enjoyment
per hay xàm xàm mà zui hè,Enjoyment
đó là khi tao muốn cắn ai đó điên cuồng :),Enjoyment
muốn nhanh thì cứ phải từ từ =))))),Enjoyment
lò xô kkk lâu quá không thấy,Enjoyment
per - chan đáng yêu zl =)))))),Enjoyment
thật dume nge yêu thương gì đâu :)) bắn tim bụp bụp,Enjoyment
mẹ đi ngầu chết mẹ đi được chứ kì quặc gì =)))),Enjoyment
mỗi tao thấy hồi xưa còn đẹp hơn à :))) bây giờ nhìn như bóng long xuyên vậy,Enjoyment
"dân vũng tàu có khác , toàn người nhân cách cao",Enjoyment
bên đây thấy yên bình hơn nhỉ,Enjoyment
mình làm ở sài gòn gặp nhiều bạn ở miền ngoài nhưng thích nghe nhất giọng ở phú yên nghe hay hay sau ah có ai vậy không,Enjoyment
nhất định sẽ có một ngày tao sẽ thành công và tự nói bản thân rằng mày làm tốt lắm,Enjoyment
cám ơn các anh,Enjoyment
"đó là lý do tại sao tao chẳng bao giờ đi hùa mấy bài bóc phốt , xem cho vui rồi lướt thôi :))",Enjoyment
khi 2 đứa giận nhau thì dắt nhau vào nn là xong =)))),Enjoyment
đáng yêu quá . phải thằng trai nhà tao thì nó sẽ nhẩy vào tính ôm luôn cái máy ấy về =)),Enjoyment
nóng như này ăn vải là thích nhất còn gì ... auto mát,Enjoyment
vợ per nuôi tốt quá béo tốt ra hẳn,Enjoyment
thế này đã là sướng lắm rồi =)) các b khoe biển toàn tiến với tứ ngũ quý vậy 😂,Enjoyment
"mà sếp cũng duyệt , cũng in rồi haha",Enjoyment
ừ ... ừ =))) dume cười gần chết :v,Enjoyment
per 1 thời mệ nội kho thịt ngon hí,Enjoyment
per ông xã xem khúc nó kéo xe chở con chó nè :)) đọc bình luận hài hước ghê,Enjoyment
mình sống ảo quen rồi nên đắp mặt nạ cũng đắp bằng app luôn :)))),Enjoyment
ngôn tình đầy rẫy là một cô gái sao em lại bỏ qua bao nhiêu mơ mộng,Enjoyment
học giỏi lại xinh xắn hì,Enjoyment
đã đẹp trai còn khôn 🙂,Enjoyment
xem video không buồn cười lắm vì chửi thề quá xá .. cơ mà đọc bình luận của các bạn cười đã luôn . kkkkk,Enjoyment
cuộc sống là cho đi ❤ đôi khi chỉ cần được thấy họ cười là bản thân thấy vui rồi ..,Enjoyment
"những người đang buồn ỉa mà càng nhịn , khi bùng phát mới thật sự đáng sợ 😂😂",Enjoyment
coi phim này xong thì nhỏ bạn tao bắt chước giống vầy với crush nó . sau đó thì ... à mà đéo có sau đó nữa :v,Enjoyment
chúc bạn thành công < 3,Enjoyment
ha ha dể thương ❤️,Enjoyment
"per may có con bạn đang giảm cân nhưng nó hiền , nó sẽ lao vào ăn cùng tao chứ không tát sấp mặt tao như vậy , phải không ?",Enjoyment
"ngày xưa toàn ăn cơm với nước mắt , ngày trước giận bố lắm , nhưng giờ mới cảm ơn bố vì như thế mới có mình ngày nay",Enjoyment
haha thì ra trên đời này tao không cu đơn đâu đó vẫn có những đứa con ghẻ như tao cùng bắt tay chào hỏi nhau nà,Enjoyment
tao không theo dõi phim . xem bập bõm mấy tập mới biết em nó là con gái 😅.,Enjoyment
tao nhìn thấy thèm 🤣,Enjoyment
"một đời chẳng mong phải nhà lầu 4 tầng , xe hơi hàng tỉ , chỉ mong người đàn ông đi cùng mình đến cuối đời sẽ luôn nâng niu yêu thương mình 😊",Enjoyment
quả nhiên chồng con nhà người ta đéo bao giờ làm tao thất vọng 😄,Enjoyment
xây 1 được 2 nhà :)) chủ nhà ấm vãi :)),Enjoyment
và cứ thế tôi khóa lại 3 năm thanh xuân tươi đẹp của mình :),Enjoyment
phim hay từng chi tiết . nếu bạn tập trung xem để ý và hiểu từng chi tiết thì bạn sẽ nể phục những người làm phim biết chừng nào .,Enjoyment
đỉnh cao :)),Enjoyment
chủ quán này xinh gái lắm nha !,Enjoyment
nhất là lúc 16h chuẩn bị đến giờ đá bóng . chất rơm đầy bếp cho nó mau chín 🥰🥰 yêu quá thời đó,Enjoyment
bác vẽ làm tao nhớ con cá này vãi =))),Enjoyment
a độc thân nè không có ai để nắm tay gọi là thử coi .. hihihi chúc em luon vui ve em nhé ...,Enjoyment
ủa là đụme video hài hay deep vậy . chớ tao thấy buồn cười vãi vì nhây đéo tả được :))),Enjoyment
cười vãi :))) tếu thật sự luôn ý,Enjoyment
em thấy nó đúng đấy chứ,Enjoyment
thích cái bộ đồ ngủ gê 😂,Enjoyment
nấu có cháy mới ngon :)) còn nước cơm hoà với đường thì toẹt vời,Enjoyment
ngoài mấy phim về vật lý ra thì phim nào của ấn cũng có những ý nghĩa sâu sắc .,Enjoyment
hí . dễ thương quá,Enjoyment
"chuẩn thế còn gì , phải có uy tín trong nghề mới thành công được",Enjoyment
tình yêu lớn lên sẽ mang người con gái ta yêu thành gia đình . family is all,Enjoyment
éo biết sai hay đúng nhưng thanh niên này chất .. bản lĩnh bình tĩnh !!,Enjoyment
"công nhận , thời xưa bệnh mà cũng vui vãi . :)))",Enjoyment
qua rằm mới phải đi học haha =))))),Enjoyment
nghe giống ổng là 1 nạn nhân . 😂,Enjoyment
may nó không đâm cho lòi ruột,Enjoyment
người ta đỗ giữa 2 cửa thế kia là rất ý thức rồi,Enjoyment
hi vọng ở tuổi đó gia đình luôn ở bên để thấy tôi đủ trưởng thành và thành công 💪,Enjoyment
per giống cái bữa mình viết ghê,Enjoyment
may quá . vài năm trước khi đi nẹp răng mình không phải chụp xquang,Enjoyment
cũng xinh mà ?? lai cỏ có lẽ sẽ khỏe mạnh và đỡ ngáo hơn ??,Enjoyment
"chuẩn , thấy đa phần nam chính vẫn được lòng hơn .",Enjoyment
"lâu rồi mới thấy trailer chất như lày , so excited",Enjoyment
mình ngủ cả ngày canh lúc nó về tới mở cửa ra đụng ngay mặt nó nhìn nhau cười 😂,Enjoyment
móng này mày ra uống chữa yếu sinh lý với ung thư ... khá tuyệt !,Enjoyment
sáng nay mình cũng gặp 1 anh công an dễ thương lắm,Enjoyment
:v tới đây đi anh chịu trách nhiệm cho :v,Enjoyment
dù thời tiết nóng bức ... nhưng ăn vải vẫn là ngon nhất,Enjoyment
uề ... lại li hôn không thành công ... 😂😂. t buồn cười câu này quá per,Enjoyment
"vui nhất là câu "" lấy ghế ra ngồi nhìn """,Enjoyment
per =))) nó kể chuyện buồn mà cười vãi cười =))),Enjoyment
diễm quỳnh haha em không biết,Enjoyment
tôi đã cười khi xem,Enjoyment
không hiểu sao đoạn này rất kích thích trái tim hủ nữa của tao =)))),Enjoyment
"nhin gia dinh họ that de thuong , hạnh phúc",Enjoyment
chuẩn luôn :)),Enjoyment
"tháng 10 đến rồi , em đừng buồn nữa nhé ❤",Enjoyment
"ôi trời ơi , buồn cười quá đi mất 😂😂😂😂😂😂",Enjoyment
haha còn tao thì thấy nó lúc nào cũng đáng yêuc 😄😄😄,Enjoyment
per đóng vai chính đúng xuất sắc lun,Enjoyment
mỗi lần bạn trai đi cắt tóc tao đều cảm thấy an tâm mấy phần,Enjoyment
quá hay cho admin,Enjoyment
câu chuyện mọc sừng được bắt nguồn từ đó 😀,Enjoyment
nhện thông minh quá per,Enjoyment
đẹp người đẹp cả giấc mơ 😊,Enjoyment
tự nhiên thấy cảm động hic,Enjoyment
t không phàn nàn . t sẽ cố gắng giúp bố mẹ có được nhiều hơn 💪💪💪,Enjoyment
có cả túi vứt vỏ kẹo . văn minh vãiiii,Enjoyment
"a nói là anh làm ngay đấy , các chú đừng đùa với anh 😂",Enjoyment
"bồ tao cũng đang đi cái này , từ nhà nó lên đây cỡ 2 tiếng mấy và dume nó bảo tao ngủ đi vì nó đi đến sáng :)))))",Enjoyment
vk em nó bảo bếp gas các bác ạ 🤣🤣🤣🤣,Enjoyment
"có tớ nhé , bạn không cô đơn đâu .",Enjoyment
"dễ thương , đáng yêu , cưng ...",Enjoyment
chạy xe hơn 40 ' chỉ để chạy ngang chỗ crush làm nhìn 1 cái rồi về :) đến giờ vẫn vậy cứ rảnh là chạy vô nhìn cái rồi về :),Enjoyment
hỏi sao bác sĩ hay bị người nhà bệnh nhân chém :)),Enjoyment
vui quá ta ơi ......,Enjoyment
"per thế là 2 anh này chưa gặp tao rồi , =)) 7km nhé",Enjoyment
"hai đứa chia tay , tao nhảy vào .",Enjoyment
chủ kiểu lol gì đáng yêu vãi ?? :)))),Enjoyment
còn tao thì 14 / 2 này trở đi tao không còn fa nữa mà chuyển sang những người già neo đơn .. kkk,Enjoyment
t thì thik cầu này vãi ... kiểu mấy người năng động thì sáng nào đi qua cầu này cũng vui,Enjoyment
tình yêu là một thứ cao đẹp hãy trân trọng nó .,Enjoyment
nhưng nó giỏi và bản lĩnh đó,Enjoyment
"bức ảnh rất đẹp , cám ơn người chụp hình",Enjoyment
"kết mỗi câu ru con ngủ để vợ đắp mặt nạ làm đẹp , 10đ chồng tốt =))))",Enjoyment
s tao lại muốn ăn cái này quá làm cho cay vào chua ngọt với sốt me thêm đậu phộng thề luôn 4kg tao ăn cũng hết,Enjoyment
nhìn 2 cụ thương lạ lùng . nhìu lúc ước sao về già mình được nv thui .,Enjoyment
rất là hâm mộ chị với tài nấu ăn ngon lại có nét dịu dàng rất tự nhiên thật sự thích ❤️,Enjoyment
bà ma nữ nhập vào nv chính thấy dễ thương dã man 😍😍,Enjoyment
cho đi là đáng quý . cảm động vãi,Enjoyment
khung cảnh ấy cuộc sống đấy mỗi lần được xem yên bình nhẹ nhàng cực ! yêu bạn ấy,Enjoyment
per cố lên gần đến nơi rồi . vào trong này mời nói chuyện nhé . ngay cửa đền chính . có bãi gửi xe . hehe,Enjoyment
phim này mới ra được có tập 1 thôi . hay phết,Enjoyment
"hồi đó đã undercut , bảnh vãi .",Enjoyment
"tau sẽ phun thuốc kích thích , 2 nam nữa sẽ dài hơn ong nay ... sẽ được vào viện bảo tàng .. 😂😂😂",Enjoyment
best pha cuối bonus 😂😂,Enjoyment
ra viện tăng chục cân :)),Enjoyment
những người có tài như này công nhận giỏi,Enjoyment
"đúng thế , ở đâu cũng được đâu nhất thiết phải ở đây",Enjoyment
biết trân trọng những gì mình đang có ☺️,Enjoyment
"đi hát văn nghệ cho trường nguyên cấp 1 , kiếm được kha khá . cấp 2 vỡ giọng , khỏi hát 🤣",Enjoyment
nhìn mặt ông thầy cay lắm :)),Enjoyment
"ngày trước đi mua cái này cho chó của đứa bạn thân . mà 2 thằng thử xong phê quá quyết định mua mỗi đứa 1 cái , và chó 1 cái :))",Enjoyment
nụ cười của tôi thiên thần vãi,Enjoyment
đấy mẹ thấy đơn giản không =))),Enjoyment
đôi khi hạnh phúc chỉ là những điều giản dị nhất mà chả ai nghĩ tới 😊,Enjoyment
số hưởng rồi tránh sao nổi :d,Enjoyment
cái máy này có thật thì bọn chính trị gia sẽ ăn cứt hết 😂😂,Enjoyment
hay quá,Enjoyment
một đứa sợ sấm chớp không thích hình ảnh này huhu,Fear
vãi :)) độc đấy,Fear
"nguy hiểm lắm , ngồi nhà lướt facebook thôi mà không cẩn thận thì mất tim lúc nào không biết",Fear
"thôi em sợ lắm , tha em bác",Fear
"chống mắt mà xem này khi bồ nói anh muốn đi tập gym thì dẹp ngay và luôn , măc công nó yêu thằng khác mất quá per",Fear
đã sợ chó rồi thì chớ lại còn bị đùa zai như này . ai sợ chó đã từng trải sẽ hiểu :v,Fear
dạ cho em hỏi cái đường này ở đâu z ạ . để em đéo tới đây ạ . đm bước cái chắc tét háng,Fear
"mình nói thật nhìn từ trên cao xuống đã thấy chóng mặt rồi , vãi",Fear
tao lại sợ mày quá cơ :))),Fear
per nhà mày mà nuôi thêm con này nữa là ám ảnh cuộc đời tao,Fear
"cứ thấy nó là đi đường vòng , dù đường hơi xa vẫn đỡ hơn bị nó dí =)))",Fear
"per đang định đi chụp , thấy cái này sợ quá đéo đi nữa",Fear
per dã man,Fear
per mày cứ kén chọn đi chúng nó yêuc nhaooo hết rồi kia kìa ahuhu .. không tin vào mấy thằng ông nội cơ bắpppp nữaaa,Fear
bức ảnh này lại làm mình bị ám ảnh . haz,Fear
"đừng tin vào lời ong bướm , đó là hố sâu , là cạm bẫy tình yêu =))",Fear
"sợ vãi , mém xỉu",Fear
chắc ỉa ra quần chứ đéo đùa -.-,Fear
per về xem anh :v đái ra quần chuẩn mẹ rồi,Fear
đù . ?????? sợ tụt lol,Fear
"gặp một nhà nuôi 1 con chó với 2 con ngỗng , trời ơi chưa kịp vào nhà , con chó còn chưa sủa mà con ngỗng đã đuổi chạy vắt chân lên cổ rồi :'( nhục",Fear
"per nhớ ngày xưa gần nhà mày có đàn ngỗng , tụi khốn nạn đó toàn đi dàn hàng ngang chắn hết đường hết lối , mỗi lần tao đạp xe qua là rượt tao gần chết :v ám ảnh vãi",Fear
mẹ tao vừa đọc xong còn tag tên tao vào . bọn mày có cách nào trưa nay không về nhà mà vẫn có tiền ăn cơm không chỉ tao với,Fear
moá . vẫn nhớ hồi nhỏ bị ngỗng đuổi . đù má tao mới là đứa bé ngây thơ hồn nhiên thôi mà dume tao sợ tao ám ảnh đến bao giờ huhu 😭😭😭,Fear
"suốt ngày trật ray , còn hay không sự phù hợp hệ thống ray - tàu với hệ thống đường sắt vn",Fear
"bị chó rượt cũng không đáng sợ bằng mẹ này . gặp chó mà có ý định rượt thì đứng im hoặc đi nhẹ nhàng nó nghỉ rượt . còn mẹ này chạy mẻ rượt , đi nhẹ mẻ rượt , đứng im mẻ mổ như mổ thức ăn . thiếu điều muốn quỳ lạy van xin mẻ luôn .",Fear
chắc thôi tao đéo ra đường luôn :))) sợ vãi,Fear
tao sợ ăn xong nóng đêm gãi toét chân,Fear
tao không biết tao đủ ổn để đi học thêm không nữa,Fear
"tao rợn hết người luôn , ghi công mày 😑😑",Fear
gap kiểu này chắc đái ra quần quá,Fear
tâm phải bất dính giữa dòng đời vạn thính,Other
chỉ có những người sợ bạn giận bạn buồn thì giận lại mới có hiệu nghiệm thôi,Other
tạm biệt tổng thống trump !! việt nam hẹn gặp lại ngài !,Other
con bé kiểu mày vừa làm cái wtf :))))),Other
đi lỗi phụ ấy . chắc bọn tao gần đấy mới biết nhiều lối phụ không tắc,Other
tình phụ tử đúng là vô hạn,Other
per : để tao xem chúng mày hạnh phúc được bao lâu 😌,Other
chó nhà giàu là vậy,Other
cho mình hỏi ngu tí . pháp là ở đâu,Other
tao chắc chắn là cái sừng đã mọc,Other
diệp ngọc miutokool dautay đây là gì ?,Other
quan trọng là nhiều tiền để rót trước,Other
công chúa của anh đói rồi kìa,Other
chú này hay ở ngã tư hậu giang với phạm đình hỏ q6 thì phải,Other
em mong chỗ tiền anh kiếm được không bị vợ giữ nốt 🤣,Other
per mốt đừg có thiết kế hay xây mấy cái kiểu như dị nhé hem ><,Other
ờ thì giống nhau hay chỉ là trùng hợp,Other
đánh cả bố lẫn mẹ nó cho nó chừa,Other
làm như là người tối cổ mà không biết . này là bếp từ phiên bản đầu tiên chứ gì,Other
giữa dòng đời này chắc mỗi mình mình xin list nhạc :3,Other
per lý do nhà tao dùng năng lượng mặt trời .. 😌,Other
đó căn bản chỉ là phép lịch sự tối thiếu thôi,Other
thẳng thắn cho đỡ mất thời gian của nhau,Other
"chào em cô gái tháng 10 , em là nắng ấm giữa trời mùa thu ...",Other
per còn nhớ cây nay không,Other
vì nếu không có kẻ yếu thì chúng ta không biết mình rất mạnh,Other
bếp dầu hỏa chứ cái gì,Other
hẹn gặp lại ngày vào một ngày không xa chúc ngài thượng lộ bình an,Other
k cần chuyển cũng sắp đi rồi admin ạ,Other
lại sắp đánh án lớn,Other
chưa ai chịu được,Other
đây là bếp cồn có từ trước khi giải phóng nha mấy chế,Other
chuột nhìn thấy said : bố lại sợ mày quá cơ =))),Other
làm cái đéo gì mà lại lâm vào tình huống như thế này,Other
"kinh hồn , sao chủ nó có thể để nó như v được nhỉ",Other
bố mẹ là những người yêu ta vô điều kiện ...,Other
per cho chị vui vẻ từ 7h sáng đến 4h45 chiều chứ hả 😌😌😌,Other
máy xay sinh tố chớ gì .,Other
ăn cái này là nghiệp quật dữ lắm à nghen 😝,Other
per có nên tiếp tục vì đồng nghiệp không chị nhể,Other
đúng rồi . chỉ có thằng ghệ nó trầm cảm thôi,Other
"thôi đi cháu , chưa đủ tuổi thì đừng mê trai , đừng đẩy con nhà người ta vào tù :v",Other
"tốt nhất là đừng crush ai ngoài bản thân ra cả , để khi nhớ thì chỉ cần lấy gương ra nhìn cái là được 😑",Other
thoáng chốc thành đống sắt vụn,Other
vậy thấy đứa nào thân thân với mình là mình block nó lại à ?? .-.,Other
ai sai người ấy chịu . đường là để đi nhà là để bán hàng . việc ai lấy làm đừng bận tâm,Other
t chốg mắt lên xem chúg mày mặn nồg đến bao giờ 🙃,Other
thì cứ cho nó đỗ xong bác gọi phường xuống giải quyết cho nó cẩu đi là xong :)),Other
nhưng quan trọng phải có cách xử lý nước thải của người dân không được đổ ra sông nữa chứ không thì cũng vứt,Other
"không biết sao chứ tao đọc bình luận thấy toàn bình luận bảo là chữ này là do người lớn viết ra , rút cuộc là sao ?",Other
ngã xuống thì lại bảo là tự tử do mâu thẫn với chủ,Other
tôi nghĩ nên tăng tiền phạt lên,Other
còn đỡ hơn bữa ăn sáng nay của tao nhiều .,Other
bếp dầu một thời để nhớ,Other
vào sớm chút mới về được,Other
đọc bình luận của thằng đó không thiếu chữ nào 😂😂,Other
và rồi xung quanh thắc măc rằng mày đã không còn là con gái từ khi nào,Other
chửi nữa đi anh ơi :)),Other
"đã làm thì làm cho lố vào , không thì khép nép lại",Other
"học không phải vì bằng cấp , học để lấy kiến thức .",Other
tiểu học thì sổ đầu bài đâu ra vại mấy bác,Other
tao đi trợ giảng học sinh cũng dạy thầy cô nói chuyện ngoài múa quạt cmnl,Other
cũng không có gì đặc sắc lắm . vì em còn mặc cả áo khoác chống cả tuyết lên cơ,Other
mình đang bận việc mà có đứa nhây vậy là có đứa toè mỏ 😚,Other
không biết là sống ngoài đó rồi đi ị như thế nào 🤔,Other
chắc chỉ có nhật mới vậy ở vn thì tôi không quan tâm ông mua bán ra sao được giá tao mua bán,Other
"ngày hôm ấy , buổi học cuối ... tao bị 2 thg bạn rủ cúp học chơi net :))",Other
vàng chắng bây giờ thành chắng tay ! em bình phước đây ! em hiểu cái này hơn các bác nhiều đó !,Other
hôm nay ol đến đây thôi dume 😑,Other
per xong có cưới nhau không 😂😋,Other
cố gắng tinh thần sẽ làm lại được,Other
một lần chơi lớn để xem anh em có trầm trồ :3,Other
tối nay tập mai triển ??,Other
chủ em này không phải người nữa rồi,Other
này ai chả muốn haiz,Other
"per đấy , có người đưa ra quyết định đúng lúc thì các em đỡ khổ còn gì",Other
:))) ai hỏi mày :vv,Other
thằng nào dám đưa 9 / 10 số tiền nó có trong tay,Other
lâu lắm mình thấy lại nó,Other
lead đời mới chê lead đời cũ là : “ xe mày vứt đi được rồi đấy ” 🤣🤣🤣🤣🤣,Other
nên phát huy,Other
chỉ thấy phối nhạc hay thôi chứ lời tao cảm thấy nghe không có nghĩa lí gì luôn 😐,Other
"tính tao tao biết , chẳng có chuyện gì có thể làm tao phát điên cả",Other
thông minh mấy yêu vào cũng ngu,Other
con rắn thật nó lại tưởng đồng loại nó chui mọi người vào ở luôn,Other
thế là đầu khấc mất vợ tương lai,Other
góc chụp đẹp và ánh sáng tốt,Other
8h sáng sợ nó ngủ còn chưa dậy á,Other
thằng con đã thấy được sự sợ hãi trong mắt bố nó rồi,Other
"nên chọn thằng không học bổng , vì thằng đó giàu hơn",Other
bài học ý thức mất rất nhiều thời gian và phải cần có biện pháp mạnh .,Other
"tao thấy không có người yêu vui mà , 5 năm rồi không yêuc",Other
tao vẫn nấu hôm trời mất điện,Other
cảm thấy nhột đít,Other
may thằng đó không nghe lời vợ,Other
sao tao lại cười khi mà mẹ thằng này sắp nát mông đến nơi nhỉ 🙂,Other
có tiền thì có vị ngọt và không có tiền thì đắng và cay thế thôi,Other
nóng cỡ nào nhĩ,Other
thanh niên phượt rách dép =))),Other
"thuyết âm mưu . nó đang muốn nhờ vả đấy , không nhờ được thì nó vả",Other
thằng này đi sing học luật hay sao mà viết hay quá vậy ?,Other
"ngta có câu nhất cự li nhì tốc độ , mày phải ghi xát dô , ghi nhanh nhanh nữa ,...",Other
người anh em thiện lành nhận bao tiền để viết bài này ?,Other
thế mày thích hiền lành dài dài rồi bùng phát hay mày thích ngày đéo nào nó cũng nổi điên :)),Other
yêuc nhau một cách tự do . tôn trọng sư riêng tư của nhau,Other
"đúng luật thị trường cung - cầu thôi . ai cấm các bác ra phố gửi xe , hoặc đi taxi đến . chui vào viện làm gì ?",Other
ko nên vì tất cả do người lớn sắp đặt cả không nên cho lớp trẻ mất newnf móng,Other
con gái không phải là người tham tiền tham trai đẹp tham này nọ đâu nhé ... chẳng qua họ cần tìm chỗ dựa thôi .,Other
nằm võng đung đưa cho muỗi khỏi đốt,Other
per khi bạn đang feed mạng nhưng chị bạn lại bật hongkong1 :))))))),Other
khi nào ổng nói được tiếng việt theo giọng của người miền tây thì tôi xin lạy,Other
"đó là kiểu người thích cuộc sống về đêm và ghét sự thay đổi , về mọi thứ !",Other
điên lò nấu dầu,Other
cuộc chiến đấu vẫn còn tiếp diễn,Other
cái bài hát dẫn đến mối tình đầu tiên,Other
đắng lắm .. mà qua rồi nên bỏ đi .. khẩu nghiệp nữa,Other
nách kẹp cái gì ấy nhỉ các bác,Other
per mẹ mà có cái này thì ngồi nói chuyện cả ngày,Other
dậy đi học đi con ơi,Other
"theo bác thế nào là tránh cửa ra 1 tý , cả cái vỉa hè nhắn tin kia bạn còn muốn tránh đi đâu",Other
mình đã học được cách giả vờ như không nghe tiếng gì .. còn bị chửi dài dài cho tới khi trưởng thành hãy tập quen với điều ấy :)),Other
may không đi,Other
nó không cắn đâu đó là chó thường còn chủng tộc ngáo này thì không biết,Other
có những người chỉ cảm thấy mình tồn tại khi được chửi bới .,Other
lớn quá rồi chẳng được mẹ mắng chửi nữa :3,Other
có 5tr thôi à,Other
hãy cứ hết mình đi ... chứ chả bít được ngày mai ra sao cả )),Other
đỗ chỗ này hay bị mưa gạch lắm,Other
vẫn hay mà,Other
"bác khoe cái gì , em đây đi xe lăn nhé , xe đạp chỉ là ước mơ của em thôi",Other
môi trường tù chưa cho nó cái nó cần rồi,Other
"ai chả có lúc nóng , quan trọng sự kiềm chế của bạn như nào thôi",Other
lỗi tại thằng bán hàng,Other
cúi xuống húp liền còn chờ gì nữa thằng chụp ảnh 😃,Other
các bạn làm bố đi rồi sẽ hiểu được bố mẹ mình yêu mình nhiều thế nào,Other
con này nó nhờ thằng kia dọn mạng nhện ý mà có gì đâu,Other
vậy thì nói ngoài đời đi,Other
tới luôn em ơi .,Other
bề ngoài tỏ ra cứng cỏi nhưng bên trong con chó đó luôn khao khát tình thương từ con người,Other
"tao không khóc , tao nghĩ ... tao sau này có một phút nào đó muốn quay lại hay không ...",Other
để cưa cái bàn chớ làm gì,Other
nhọc lòng :(((,Sadness
bị từ chối rồi,Sadness
t nghe thấy nó nói gì tao chết liền,Sadness
chẳng bằng bố tao 13 năm tự nhiên hỏi bố biết tên con là gì không thì chần chừ một lúc rồi phun ra tên chị tao,Sadness
"hút điếu cần xong nhìn nó ăn mà muốn phá cái tủ lạnh vô dụng của nhà mình quá , đéo đủ sức đựng thịt bò toàn rau .",Sadness
đúng là chân thật luôn luôn tổn thương !,Sadness
tội cho cô gái ;((,Sadness
"per đúng rồi , không muốn xa cách đâu 😞",Sadness
"công nhận năm nay tiến triển hơn , đợi 2 bà chị đi hẹn hò về còn có scl mà ăn ké :v",Sadness
có ai như tao không đọc đề thì quen nhưng lại quên phương pháp giải . chắc mất gốc rồi :((,Sadness
chỉ thấy dễ thương và xinh khi crush thôi khi hết crush thì có cười nấy cười nữa cũng không có cảm giác,Sadness
xem xong hết cái video mà cảm thấy buồn cho cái xã hội bây giờ,Sadness
cay đắng đến cùng cực và hạnh phúc đến tột đỉnh . chỉ là mình có quyền lựa chọn nó hay không thôi,Sadness
làm chó khổ lắm chứ bộ :((,Sadness
tao đã rất muốn làm bạn tốt anh em tri kỉ với tụi hắn nhưng không ai muốn làm bạn với tao - _ -,Sadness
"ko nói nhiều chỉ ủng hộ anh per vì thấy thái độ trước tòa là hiểu anh per hoàn toàn chân chất , không có thủ đoạn gì hết",Sadness
"động lực là tình yêu . vì sau khi chia tay , tôi đã thấy mình vô dụng trong một thời gian dài .",Sadness
lấy chồng như 1 canh bạc . ko hoa . ko lời chúc không gì hết . pải chăng số ta chỉ được vậy . cô đơn quen rồi,Sadness
"trước tao cũng tin vào tình yêu chân thành lắm , niềm tin chết rồi",Sadness
kím cớ nói chuyện chỉ để biết người đó làm gì đang như nào . có vui hay buồn . rồi lại thôi,Sadness
chồng tương lai lại nuôi vợ thằng khác,Sadness
"mong ai đó sẽ không nghe được bài hát này . xin lỗi , ngàn lần xin lỗi 😢",Sadness
"bố bạn ý chửi nhẹ đấy , bố mình chửi là chỉ mong đầu thai vào nhà khác 😬",Sadness
nhìn là yêu roi muốn nuôi quá trời mà sợ không chăm được em 😢,Sadness
ba mẹ tao chửi tao tao chỉ biết câm họng và bưng tô cơm ra chỗ khác vừa ngồi ăn vừa khóc một mình cho dù biết răng mình k có lỗi 😭😭 !?,Sadness
nó cười với tất cả mng trừ tao 🙂,Sadness
xem video cu ̃ người cho ́ người hê ́ tao ca ̉ mă ̣ tao,Sadness
"cải tạo được , có tái tạo được 100 % nguyên trạng rồi sao ? giá trị lịch sử văn hoá gần nghìn năm đã mất đi rồi :((",Sadness
liên quan à . cr mày đéo thương mày đâu . nó có crush mới rồi . 🙂,Sadness
"t đã hối hận vì nói ra , để rồi bao giờ tao với cô ấy chẳng còn thể nói chuyện như trước nữa",Sadness
pháp năm nay nhiều biến quá :((,Sadness
định tag anh vào nhưng chợt nhớ ra làm gì có anh nào 😑,Sadness
moá . tao muốn chết quách cho rồi,Sadness
tội nghiệp các bé đạp xe đi học,Sadness
:((( tôi vẫn chưa sẵn sàng để đi học mà,Sadness
ngô ̀ i đo ̣ c bình luận chu ́ người no ́ tag người yêu va ̀ o ma ̀ sô ́ người mu ̃ i la ̣ i cay =)),Sadness
chúng mày có thể bỏ ra 30s thả tim vào avatar coi như lì xì muộn cho tao được không ? chưa bao giờ được 30 tim buồn v . lol 😭😭😭😭,Sadness
"đôi khi cũng muốn dỗi lắm , nhưng nghĩ lại đéo có người yêu mà dỗi",Sadness
"thanh xuân của tớ gặp cậu rồi , 4 năm rồi , chỉ có điều vẫn là 2 đường thẳng song song",Sadness
chời ơi mới chụp răng 2 bữa trước về không ngủ được tới nay luôn,Sadness
1 câu chuyện buồn :)) khuôn mặt biểu cảm :((,Sadness
per ơ tao còn chưa kịp đến bắt tay mà :((,Sadness
ai bảo con trai yêu không nặng tình ? :'(,Sadness
tuổi thơ tôi toàn gặp những thằng mất dậy và toàn đánh nhau với chúng . tuổi thơ nợ tôi quá nhiều,Sadness
nếu tao được gặp ba tôi 1 lần nửa thì tao sẻ nói con thw ba nhìu lắm . nhưng lời nói này chẳng pao giờ được nói nửa vì tao và ông ấy đã xa nhau mãi mãi,Sadness
vận may s cứ xua đuổi mình hoài chứ có bao giờ tự tìm đến đâu ? đen thôi chứ đỏ quên điii nha . đời thường giết chết kẻ mộng mer như mình .,Sadness
"hắt xì mệt quá , muốn bắn , muốn làm việc :(",Sadness
huhu xem mà muốn khóc vãi,Sadness
rồi mấy đứa chân không được dài như tao phóng qua kiểu gì :),Sadness
coi phim này mà ứa nước mắt 😢,Sadness
tiếc là chưa thấy cậu cười ngoài đời bao giờ,Sadness
mùa thu năm ấy cta đã gặp nhau ?,Sadness
và mày chợt nhận ra người yêu củ của mày có người yêu mới huhu,Sadness
"chiến tranh có gì vui đâu nhỉ , chỉ gây đâu thương",Sadness
xem hết mới biết cái video nó không phải video hài thấy buồn buồn 😪,Sadness
"gập đúng người mà mình muốn thương , muốn yêu , muốn chăm sóc . nhưng thật tiếc khi trong tay vẫn chưa có gì",Sadness
"thề , coi rồi mà xem lại vẫn buồn",Sadness
còn gì đau xót hơn 🙂🙂,Sadness
nếu không gãy đó la 1 bài quyền đẹp rồi :((,Sadness
đi làm quán nước mà mỗi cái bịch nay long đựng ống hút nó cũng xé nhỏ ra rồi để bay tứ tung đi quét đã muốn lòi lồn,Sadness
chưa kịp đặt chân đến chiêm ngưỡng nó ...,Sadness
an ủi cũng ghen à :(,Sadness
"đặt mình vào vị trí của nhau , biết lo lắng suy nghĩ san sẻ cho nhau vậy là đủ rồi . có quá khó không ?",Sadness
bằng tuổi em các bạn đang ôn thi mà em phân vân không biết chọn trường nào :((,Sadness
cay đắng vãi 😌,Sadness
xem đi xem lại mà khóc sướt mướt 😭😭😭,Sadness
sao mình lại không xem được vậy admin 😭,Sadness
đau lòng qá huhu,Sadness
23 năm rồi tao còn chưa được đi chơi với bồ trung thu lần nào cả :(,Sadness
"ăn 1 miếng bò mà giết thêm đàn kiến . chưa biết ngon thế nào nhưng một đàn kiến về cõi vĩnh hằng , tội cho đàn kiến .",Sadness
"tao buồn quá , tao đang khóc !!!",Sadness
"t xin nhắc lại một lần nữa , đây là một câu chuyện buồn nhé",Sadness
đến giờ tao vẫn chưa biết biển là cái gì ad ạ .,Sadness
ai đó hãy tát trà sữa vào mặt tao đi 😭😭,Sadness
chờ có người giận mà không được,Sadness
âu cũng là kiếp người . tại sao ông trời lại đày đoạ con người ta đến như vậy,Sadness
và đó đéo phải là tao =))),Sadness
đừng bỏ tao ra đi mà,Sadness
đây là lần cuối cùng các bạn nhìn thấy anh ấy :d,Sadness
"hồi xưa đi học mình ngồi gần lớp trưởng , tên này được cái rất ga lăng với bạn gái trừ mình .. huhu ..",Sadness
nỗi đau ấy ai thấy giúp tôi,Sadness
cái cảm giác nhìn người thân mình khổ còn mình lại chẳng làm được gì giúp .,Sadness
"mọa , mình nhà thanh hóa mà đéo biết gì luôn @@ :((((",Sadness
"nước mắt tự trào ra , thật sự rất cảm động 😢",Sadness
hàng nông sản việt nam là thứ bị cạnh tranh và phá hoại nhìu nhất 😣,Sadness
buồn hơn thế là đối với 1 đứa con gái năm lần bảy lượt chủ động ib họ nhưng vẫn bị xem thường ... xem mà đéo rep ... hết thương là vậy ... 😞😞😞,Sadness
per giảm tốc kìa haha,Surprise
diệu kì quá,Surprise
"phim giật gân , hấp dẫn đấy",Surprise
gía rẻ quá,Surprise
ho mạnh có thể làm gãy xương sườn cơ à ??,Surprise
phản đòn hay đấy,Surprise
ý tưởng thông minh đó con,Surprise
mày ăn cái gì mà khôn vaiz thế,Surprise
"nhiệt điện à bác , sao em không thấy nhỉ",Surprise
wow tuổi trẻ tài cao vkl =))),Surprise
ông này nội công thâm hậu nhảy lên gẫy cả cây thế là té đít dầm xuống đất . tại hạ bái phục,Surprise
thế đéo nào cái hộp bé tý lại đựng được ba cái mũ nhỉ,Surprise
bài này hay quá,Surprise
chất liệu đỉnh quá,Surprise
tr má cái tướng ổng nằm,Surprise
per ác quỷ ma sơ hay dã man ý,Surprise
sản phẩm nhìn lạ quá ta,Surprise
con mèo mặt diễn ghê thật,Surprise
ủa sao vụ này vong đòi có 5 triệu thôi á . không bị tù tội gì sao ?,Surprise
ủa mặt gì mắc cười vậy,Surprise
"moá ơi , lợn mặt trăng 😂😂😂",Surprise
thấy kết luận án phí đợt trước là 8 tỷ mà sao giờ đã thành 81 tỷ rồi ???,Surprise
về nhanh thế,Surprise
sao nhìn mặt ông cụ giống tokuda thế,Surprise
200 triệu mà đủ sao,Surprise
"hôm qua còn không có lông chân , hôm nay mọc lẹ thế =)))",Surprise
ông luôn biết trước thời đại . 66 năm trước . ông biết mình sẽ được lập kỷ lục thế giới về bộ móng tay này . ông giỏi thật,Surprise
phải giăt ba tay luôn hả,Surprise
điệt cao thế lên tầm này mà chưa chết nhỉ,Surprise
ko hiểu sao lương cao thế nhỉ,Surprise
